,frame,ID,u_A,v_A,u_B,v_B,X,Y,Z
0,0,0,383.8684387207031,654.8005981445312,477.11065673828125,704.3361206054688,-0.3894950129084085,0.04645040439706235,0.6782102314471393
1,0,1,469.235107421875,643.6103515625,513.63671875,709.3419799804688,-0.33569290166439686,0.039265042637897464,0.6840279147508809
2,0,2,551.4100341796875,633.42822265625,549.48876953125,715.03759765625,-0.28208515363779396,0.03229095016457137,0.6872278990261874
3,0,3,397.5971984863281,732.4435424804688,482.25360107421875,763.832763671875,-0.38307629476307126,0.09939014782746153,0.683617726066759
4,0,4,482.1622619628906,720.4446411132812,518.4691772460938,770.2240600585938,-0.329192886077549,0.09180887215466937,0.6890902864782421
5,0,5,564.2826538085938,709.0100708007812,555.7568969726562,777.3156127929688,-0.2756356838399318,0.08433401338613868,0.6934574027031697
6,0,6,410.6911315917969,809.27294921875,486.5848693847656,822.2086181640625,-0.37682285606997284,0.1520519920517362,0.6885273418221971
7,0,7,494.42340087890625,796.3443603515625,523.2818603515625,831.1393432617188,-0.32300305720265027,0.14463906855400033,0.694309490396974
8,0,8,575.6920776367188,784.1138916015625,560.6866455078125,840.2675170898438,-0.26953542830073185,0.13699033475537653,0.6987323281131063
9,0,9,423.74102783203125,884.7164916992188,490.7445068359375,880.997314453125,-0.37006637185940244,0.20468900076877342,0.6929758167225383
10,0,10,506.47491455078125,871.3452758789062,527.801513671875,891.156982421875,-0.31688269025905413,0.19730645746116185,0.69941125258572
11,0,11,586.5830078125,858.41845703125,565.6053466796875,902.6658935546875,-0.26378664960502735,0.18983824421319875,0.7042841112249223
12,1,0,369.3908386230469,525.7761840820312,441.216064453125,617.6790771484375,-0.373923623018027,-0.03722048319858348,0.6349106461092471
13,1,1,465.86090087890625,523.2189331054688,488.364013671875,625.300048828125,-0.3210243805303182,-0.039482442533505635,0.6493593389650062
14,1,2,557.1136474609375,521.0316772460938,534.5392456054688,631.955322265625,-0.2679399533018377,-0.04219524458356202,0.6610628349048145
15,1,3,375.42547607421875,610.4156494140625,442.0716247558594,680.091064453125,-0.3719923085032318,0.01598013949882892,0.6384593059488818
16,1,4,471.3494873046875,605.618408203125,488.576416015625,688.094970703125,-0.3189763041805607,0.013087426408369416,0.6525625687194262
17,1,5,562.1068115234375,601.5123291015625,536.4829711914062,696.6610717773438,-0.2664714778332006,0.010428139470943787,0.6660593755399947
18,1,6,380.70477294921875,694.0593872070312,442.5795593261719,741.47900390625,-0.37046992490088854,0.06901118910228211,0.6419416927903753
19,1,7,476.1140441894531,687.2122192382812,489.02081298828125,750.8267211914062,-0.31743203744584386,0.06594837489237117,0.6561451048036079
20,1,8,566.4852294921875,680.77392578125,536.8710327148438,760.6705932617188,-0.2647842619504832,0.06288217299917982,0.6696606109297321
21,1,9,386.1690673828125,776.8741455078125,443.3446350097656,802.713623046875,-0.3687903891509248,0.12224295814443013,0.6455579402728852
22,1,10,480.3731994628906,768.03515625,489.5698547363281,813.3758544921875,-0.3161743463441364,0.11909947188850976,0.6599323228550731
23,1,11,570.0633544921875,759.622802734375,536.97119140625,825.0407104492188,-0.263387169724592,0.11588761940732147,0.6731433816845094
24,2,0,394.49969482421875,417.14520263671875,426.5041198730469,540.3271484375,-0.34354137365796616,-0.10352740182860613,0.6069507700557277
25,2,1,496.67645263671875,419.2930603027344,486.6748352050781,544.2627563476562,-0.2943244900480135,-0.1064193000136912,0.6315375511633505
26,2,2,591.164306640625,421.23638916015625,546.5158081054688,548.4487915039062,-0.2444495699021189,-0.10915659966712196,0.6541989916683697
27,2,3,400.5728454589844,506.3171691894531,428.7170104980469,606.3367919921875,-0.3424916864811736,-0.05033857544033071,0.6117498435160745
28,2,4,501.70062255859375,504.9615173339844,488.57598876953125,610.698974609375,-0.2934070239552774,-0.05340317261775587,0.6364814619133163
29,2,5,595.2307739257812,503.8697204589844,548.5980224609375,615.7640380859375,-0.24379921479293024,-0.05621729909533443,0.6597445168520163
30,2,6,405.8649597167969,594.0164184570312,430.6069030761719,670.6635131835938,-0.3419134673845663,0.0025584988547424875,0.6165833316600411
31,2,7,506.21527099609375,588.9559936523438,489.5753479003906,676.2313842773438,-0.2923516657953229,-0.0005562106297591483,0.6406422790763204
32,2,8,599.043701171875,584.5750122070312,549.6784057617188,681.9004516601562,-0.24286363832677263,-0.003598140701224905,0.6643090816634796
33,2,9,410.8365783691406,680.4939575195312,431.973876953125,735.407958984375,-0.34096416764496945,0.055888403681000454,0.620798408728527
34,2,10,510.27874755859375,672.1815185546875,490.7293701171875,741.385498046875,-0.2915917454265872,0.052621933309048505,0.6450835194837432
35,2,11,602.2080078125,664.3309936523438,550.5313720703125,747.7308349609375,-0.24218178764535772,0.049308845309713197,0.668811449051493
36,3,0,411.3877868652344,258.06988525390625,416.448974609375,438.6920471191406,-0.3198772380444025,-0.18801236817612668,0.5831401999969863
37,3,1,516.3026123046875,263.8863830566406,478.3251647949219,440.6330871582031,-0.27035852315892367,-0.19183374074991244,0.6065429393732512
38,3,2,613.4280395507812,269.2661437988281,539.3076171875,441.71685791015625,-0.22014413161672663,-0.1955235882893591,0.6275891146803078
39,3,3,421.11920166015625,353.6027526855469,423.454345703125,508.1224365234375,-0.31859755510411025,-0.13501757045880713,0.5912939712970934
40,3,4,524.6175537109375,355.8406677246094,484.5243835449219,510.3542175292969,-0.26886202597743153,-0.13906324599747635,0.6145023899827706
41,3,5,620.2645263671875,358.235107421875,546.4896850585938,512.9407348632812,-0.21905327821287957,-0.14279692686022685,0.6368548319783008
42,3,6,430.4246520996094,445.9179992675781,429.8338317871094,575.8021850585938,-0.3171566873009503,-0.08232721239135855,0.5990092958502768
43,3,7,532.4424438476562,444.80859375,490.50653076171875,578.6123046875,-0.26744895535518054,-0.08651492824913962,0.6223606135026858
44,3,8,626.664794921875,443.94573974609375,552.3431396484375,581.7325439453125,-0.21782151142655753,-0.09052942759751342,0.6451426005207296
45,3,9,439.2685852050781,535.8245849609375,436.1510314941406,642.376220703125,-0.31583210470368067,-0.029578684669160537,0.6067991955040726
46,3,10,539.7432861328125,531.1276245117188,496.40045166015625,645.5550537109375,-0.26619921510223876,-0.034085172012573564,0.6302653189357312
47,3,11,632.406494140625,526.705078125,557.119140625,649.8096923828125,-0.21643337515966476,-0.03828846589936915,0.65243624447382
48,4,0,454.3503112792969,152.78146362304688,436.0430603027344,360.53240966796875,-0.29526598503581186,-0.2481725402326606,0.5828183467806408
49,4,1,557.3057861328125,163.71817016601562,499.79931640625,361.9721984863281,-0.24606617314493434,-0.25147189060904795,0.6064467941822647
50,4,2,652.6710815429688,173.71621704101562,562.7510986328125,363.3859558105469,-0.19607208743605659,-0.25415271756813484,0.6276276430187013
51,4,3,462.43072509765625,250.51695251464844,442.9428405761719,432.51507568359375,-0.2948154997404253,-0.1949887301174998,0.5913225095799644
52,4,4,564.2760009765625,258.1963806152344,506.44769287109375,434.4688415527344,-0.24544127620553463,-0.1983649026074981,0.615291467895271
53,4,5,657.8863525390625,265.2626037597656,570.274658203125,437.1829528808594,-0.19600893911889408,-0.20124024087899603,0.6379317254148114
54,4,6,470.44281005859375,344.9847106933594,449.1157531738281,502.34716796875,-0.2940152315875396,-0.1420825351053238,0.5992807606096374
55,4,7,570.7637329101562,348.9434509277344,512.3231201171875,505.5860595703125,-0.24463734607191623,-0.14539475857394252,0.6234384454833377
56,4,8,663.2445678710938,352.80975341796875,576.0880126953125,508.21612548828125,-0.19531751453860768,-0.14876129668008217,0.6466837911450289
57,4,9,477.9268493652344,436.47332763671875,454.3134460449219,570.8720092773438,-0.29298909533868234,-0.08924436734277816,0.6064661599104746
58,4,10,576.69580078125,437.00341796875,517.378662109375,574.3800048828125,-0.24395768998818662,-0.09278464194372499,0.6311599090253068
59,4,11,667.8991088867188,437.33935546875,580.6202392578125,578.5659790039062,-0.19452328759553605,-0.09610502074155906,0.6543045876465864
60,5,0,568.26806640625,103.66239166259766,496.3161926269531,316.8056640625,-0.23571860291313956,-0.28265432004154817,0.596569521677994
61,5,1,662.8115234375,124.03360748291016,569.200927734375,321.81109619140625,-0.18945401427688596,-0.28401165125677164,0.626299830659017
62,5,2,749.735107421875,141.6502685546875,640.498291015625,326.3545227050781,-0.1420346492027983,-0.28501770947560584,0.6533544507635739
63,5,3,570.58935546875,199.6066436767578,498.56591796875,392.3652038574219,-0.2367401902904476,-0.22882492891210052,0.6028014914808754
64,5,4,664.3583984375,215.6053466796875,570.39404296875,397.2409973144531,-0.19031203061339508,-0.23022513787628193,0.6323521929843074
65,5,5,749.5513305664062,229.78765869140625,642.3356323242188,402.187255859375,-0.14384423316961076,-0.23157836515239677,0.6611422457720524
66,5,6,573.222412109375,292.7452697753906,499.43597412109375,465.2000732421875,-0.23713931305821395,-0.1754535668664215,0.6078276123511742
67,5,7,665.6659545898438,304.5727233886719,571.3276977539062,470.3193054199219,-0.19127327810212,-0.17696339723424587,0.6382394997901782
68,5,8,750.0183715820312,314.9447021484375,642.6334838867188,475.6177978515625,-0.14488893730900504,-0.17834396638521083,0.667197698256583
69,5,9,575.4218139648438,383.8288269042969,500.03778076171875,537.2364501953125,-0.23760141437441612,-0.12205346262578708,0.6125918746762503
70,5,10,667.2953491210938,391.0943908691406,571.5548706054688,541.8665161132812,-0.19173301589571712,-0.1239322107248209,0.6432359992131556
71,5,11,749.91748046875,397.5765075683594,642.4264526367188,547.529052734375,-0.14614293928978492,-0.1253967499945326,0.6728282485573057
72,6,0,671.8511352539062,110.81096649169922,555.5410766601562,316.2616271972656,-0.1792956153341301,-0.2848709705151424,0.6104777830698824
73,6,1,753.5076904296875,137.8379364013672,636.3847045898438,325.1967468261719,-0.13840823366121846,-0.2849145542072499,0.6477225967684742
74,6,2,828.0421142578125,161.2457733154297,713.9237670898438,333.7359313964844,-0.09597099972193941,-0.2844219260434293,0.6820617083329783
75,6,3,669.1900024414062,204.26344299316406,553.7420654296875,393.4422912597656,-0.18234306546449003,-0.23107385120404966,0.615393382367553
76,6,4,749.8800048828125,226.19918823242188,633.6807250976562,401.37994384765625,-0.14190066066518092,-0.23117344783753324,0.6530070652027617
77,6,5,822.8265380859375,244.7968292236328,710.9532470703125,409.443603515625,-0.10041167328083486,-0.2310781316293455,0.6885224276550732
78,6,6,667.2989501953125,295.2262878417969,551.3139038085938,468.55523681640625,-0.18467560812331107,-0.17757119733057303,0.6193722899421915
79,6,7,747.303955078125,311.63433837890625,630.4990844726562,475.7083740234375,-0.1444480031364118,-0.1777956319220859,0.6570933753209713
80,6,8,818.9085083007812,325.88623046875,707.2667846679688,482.5846252441406,-0.10385410992172411,-0.1780260190844208,0.6935249792453246
81,6,9,665.2244262695312,384.04351806640625,548.2304077148438,542.395263671875,-0.18685860100997215,-0.12426967172335043,0.6226315402550534
82,6,10,744.3303833007812,395.2649230957031,626.837158203125,548.212158203125,-0.147176145709382,-0.12475604670639337,0.6607904212902448
83,6,11,814.7317504882812,405.0140380859375,702.7695922851562,554.3184814453125,-0.10731304688498333,-0.12509340688724802,0.6976253591082776
84,7,0,770.1994018554688,142.7666778564453,616.785400390625,338.1796569824219,-0.12325511812089486,-0.2718225884649009,0.6244080912417572
85,7,1,836.296142578125,172.92486572265625,700.8429565429688,350.17523193359375,-0.08846401231304545,-0.27055714150462995,0.6669999245599564
86,7,2,896.8735961914062,198.2439422607422,780.559814453125,361.2036437988281,-0.05181514571290957,-0.26921045050894765,0.7069322958831176
87,7,3,768.2140502929688,232.5008087158203,609.7904663085938,417.5216979980469,-0.1246605659784509,-0.21761852205786344,0.6251241114849271
88,7,4,833.7127075195312,256.96173095703125,693.80126953125,427.3046569824219,-0.09042457843345482,-0.21667180024550514,0.6683635772054811
89,7,5,892.455322265625,277.1655578613281,772.7962646484375,436.6156311035156,-0.05512870808991273,-0.2157599103498073,0.70909073824454
90,7,6,767.3416137695312,320.5068664550781,602.4341430664062,495.6795349121094,-0.125173566967846,-0.16390681912500818,0.6248520229060075
91,7,7,831.9718627929688,338.92706298828125,685.8997802734375,503.6065368652344,-0.09155464730347926,-0.1631494875372604,0.6681443041910252
92,7,8,889.7064819335938,354.6966857910156,765.2764892578125,511.34503173828125,-0.05714909814109415,-0.16236761332434982,0.7101144732826
93,7,9,765.7180786132812,407.66357421875,594.3802490234375,573.4782104492188,-0.1259713058266245,-0.11038512491658983,0.6240677394305746
94,7,10,830.1664428710938,420.3276062011719,678.08935546875,579.3699951171875,-0.09266324607010316,-0.10982175673304505,0.6678350947151427
95,7,11,887.6137084960938,431.21856689453125,757.2567138671875,585.26904296875,-0.058594583136333166,-0.10921113000583667,0.7100443711583374
96,8,0,719.2431640625,212.73220825195312,629.6608276367188,385.64117431640625,-0.1637978861000453,-0.24309752601526163,0.6624902673037936
97,8,1,785.605712890625,233.04507446289062,707.2582397460938,392.4999694824219,-0.12838013008299023,-0.2443666195010218,0.7045581880062393
98,8,2,845.6306762695312,249.3395538330078,780.727294921875,397.51422119140625,-0.09188016793884497,-0.2463291692028071,0.7441139200566923
99,8,3,735.3270263671875,289.25347900390625,623.1932373046875,456.3020935058594,-0.15149337655937004,-0.19126379810232277,0.654363763437847
100,8,4,801.3441162109375,305.2173156738281,701.6981201171875,461.3066101074219,-0.11622037425399126,-0.19275387371139957,0.6962134350715071
101,8,5,860.1846923828125,317.53826904296875,776.8685302734375,465.5357360839844,-0.080505439298217,-0.1949533939050575,0.7367068345362708
102,8,6,752.4495849609375,366.70025634765625,616.3077392578125,528.4627685546875,-0.13872696375169283,-0.14004888756127545,0.6457703323821862
103,8,7,817.9751586914062,377.3680725097656,696.248046875,532.3887329101562,-0.10355016529212652,-0.14178981050015266,0.6874882948123853
104,8,8,875.61328125,386.70074462890625,772.6201171875,535.6179809570312,-0.06865416541305004,-0.14368959698721054,0.7285966240722103
105,8,9,769.413818359375,445.6950988769531,608.0980224609375,604.3372802734375,-0.12604964618013956,-0.08862571564980752,0.6362769596374545
106,8,10,834.4424438476562,451.3955078125,690.2589721679688,605.9359130859375,-0.09128315120087896,-0.09083368621201653,0.6787738690733206
107,8,11,891.6045532226562,455.9233703613281,768.1617431640625,608.090087890625,-0.05646498846891938,-0.09297107911507296,0.719896631160105
108,9,0,683.06982421875,242.3846893310547,618.131591796875,407.5335388183594,-0.189545469081976,-0.22666628328910501,0.6705831932583284
109,9,1,750.5081787109375,258.63970947265625,693.7646484375,412.083740234375,-0.1543660317417669,-0.2293760603679156,0.7128408295542581
110,9,2,810.61572265625,272.32574462890625,765.5153198242188,414.9463806152344,-0.11889125367600027,-0.23261921138219657,0.7535117210822753
111,9,3,709.5447998046875,309.4251403808594,611.8024291992188,471.59375,-0.1686274102742639,-0.17895832063526915,0.6568740361615405
112,9,4,776.02734375,322.71954345703125,689.4573974609375,474.37652587890625,-0.1341084588364954,-0.1817163865826697,0.6994973644645015
113,9,5,834.869873046875,332.5530090332031,763.53515625,476.7377624511719,-0.09929706811042859,-0.18513617972542845,0.7407367485344865
114,9,6,737.0244750976562,378.65435791015625,604.4410400390625,538.4300537109375,-0.14777030950061387,-0.13184049645296522,0.6427466504348409
115,9,7,802.9231567382812,387.0304870605469,684.4619750976562,540.2379150390625,-0.11328702947085016,-0.1348379190339408,0.6850851108176949
116,9,8,860.6690063476562,394.4530334472656,761.2431640625,541.4898071289062,-0.07918963713393357,-0.13796846373910887,0.7273585747484047
117,9,9,765.4766845703125,450.4544677734375,595.7521362304688,610.5740966796875,-0.12680775424124804,-0.0845766073656421,0.627800735799647
118,9,10,830.3837890625,454.55987548828125,679.2398681640625,610.4027099609375,-0.09293567240446116,-0.0877766706926111,0.6711219602768709
119,9,11,887.5997314453125,457.4575500488281,757.8411254882812,610.4680786132812,-0.058745193972290534,-0.09111879939694523,0.7126368373994981
120,10,0,671.7239379882812,278.50665283203125,607.260986328125,439.1094970703125,-0.19614406187757882,-0.20207805481046648,0.6677637917742084
121,10,1,738.5101928710938,294.1873779296875,683.2880859375,444.1899108886719,-0.16238800552538074,-0.2040850290464664,0.7115144888073212
122,10,2,797.9136962890625,306.68475341796875,754.5324096679688,446.5289611816406,-0.12818329686249588,-0.20719792990214234,0.7530982483870636
123,10,3,703.5151977539062,339.93524169921875,599.7557373046875,499.54180908203125,-0.17082165544924638,-0.15783734686742246,0.6504523138209648
124,10,4,769.4942016601562,352.44110107421875,678.2113037109375,502.3291320800781,-0.1375321083684693,-0.16017177364802862,0.6942034163240068
125,10,5,827.093994140625,361.5993347167969,752.5706176757812,504.7571105957031,-0.1043487753794757,-0.16315486119713404,0.7367642868841723
126,10,6,736.617431640625,404.2417907714844,591.2559814453125,564.089599609375,-0.14576835162150414,-0.11396391289127013,0.6329975690314993
127,10,7,802.0166625976562,411.8702087402344,672.81787109375,565.5264892578125,-0.1124564397047831,-0.11669340345638253,0.6764792683730676
128,10,8,858.81982421875,418.66461181640625,750.298095703125,566.7266235351562,-0.07962398331123081,-0.1193917649303384,0.7195965638419175
129,10,9,771.4273071289062,471.2093811035156,581.1664428710938,634.4695434570312,-0.12054915512987457,-0.07025697856788445,0.6146769186651017
130,10,10,835.7190551757812,474.5447998046875,666.636962890625,634.2069091796875,-0.08770030621214978,-0.07307702130378396,0.6586774118792629
131,10,11,892.0331420898438,477.6556396484375,747.5056762695312,634.1611328125,-0.054760972789983334,-0.07574886828002796,0.7018369936015925
132,11,0,563.6215209960938,304.2881774902344,539.939697265625,460.3886413574219,-0.25970331771859634,-0.18012359451003254,0.6501378453008906
133,11,1,643.8662719726562,314.4912109375,613.6738891601562,462.49407958984375,-0.22138621854263069,-0.1840935370870618,0.6900646601673008
134,11,2,715.7757568359375,321.54400634765625,684.0856323242188,461.92083740234375,-0.1823682596488002,-0.1895049605708908,0.7278933785426326
135,11,3,591.2868041992188,365.35052490234375,526.4302978515625,518.3612670898438,-0.23451260121176848,-0.13684173011068218,0.6298612932057043
136,11,4,672.171142578125,372.0522766113281,602.5421752929688,518.4439086914062,-0.1963146870178542,-0.14134678345234597,0.669407148806202
137,11,5,744.05615234375,377.173583984375,676.5953369140625,518.4775390625,-0.15790490219139536,-0.1461116545743508,0.7082940166078172
138,11,6,620.6113891601562,429.6430358886719,510.7470703125,580.1547241210938,-0.2092242233119761,-0.09414174687599243,0.6088029319760755
139,11,7,702.4373168945312,432.17230224609375,590.811767578125,579.6099853515625,-0.17099705924989891,-0.09880946259959697,0.6486679947777677
140,11,8,773.9111328125,434.0505676269531,668.2429809570312,578.6963500976562,-0.13329710181971807,-0.10367824438532759,0.6881690949405226
141,11,9,652.1342163085938,497.7120361328125,493.7759094238281,647.6065673828125,-0.18378943430253716,-0.05168194107141138,0.5876636602257241
142,11,10,734.1716918945312,495.7615966796875,577.5021362304688,646.2581787109375,-0.14586829597360798,-0.056393065816225364,0.6275668223296366
143,11,11,805.4906616210938,494.1420593261719,658.4797973632812,644.5455322265625,-0.10856132692983968,-0.061146009104520886,0.6673302586009309
144,12,0,460.6336975097656,323.4266662597656,471.22296142578125,477.9420166015625,-0.3112820055406262,-0.1605906603270072,0.6223170468709263
145,12,1,552.1678466796875,329.37933349609375,543.75390625,477.3211364746094,-0.2711149201597345,-0.16650617453199565,0.6603465448909452
146,12,2,633.83447265625,332.6282653808594,614.1466064453125,474.5106506347656,-0.23054360244800368,-0.17382235352847977,0.6971152749954868
147,12,3,486.6483459472656,383.7228698730469,453.4270324707031,533.58544921875,-0.2847828319571579,-0.11930323163662188,0.6000112880585505
148,12,4,580.1729125976562,386.1466369628906,529.1492919921875,531.409423828125,-0.2445010953525293,-0.12567758226172498,0.6380327555120932
149,12,5,662.4605102539062,387.62841796875,602.8611450195312,529.644775390625,-0.2043735604469482,-0.13205530368478652,0.675249472225277
150,12,6,514.7879028320312,448.41253662109375,433.0345153808594,593.3812255859375,-0.25798212216689376,-0.0783853595823721,0.5769766392272048
151,12,7,609.8756103515625,446.42010498046875,512.2464599609375,590.6121826171875,-0.2177415156237287,-0.08492735843132326,0.6148482293529058
152,12,8,693.202392578125,444.533447265625,589.3609619140625,588.2438354492188,-0.17775341982805043,-0.09133329383474546,0.65208130358735
153,12,9,545.2212524414062,517.4857788085938,411.0780029296875,659.4302978515625,-0.2311365372073674,-0.03761878220964385,0.5540612356837724
154,12,10,641.7310791015625,510.8740539550781,493.6570739746094,655.7620849609375,-0.19098308963994506,-0.044277397458077815,0.5915547851522039
155,12,11,725.7365112304688,504.99456787109375,575.2770385742188,652.5133056640625,-0.15148197802320065,-0.05077211042485335,0.6295335516487087
156,13,0,373.67950439453125,357.64849853515625,429.3078308105469,501.1369323730469,-0.3580504089503745,-0.13716771224293645,0.6118378851203654
157,13,1,471.7804260253906,360.12103271484375,499.9331970214844,499.34503173828125,-0.31767356956021187,-0.14397055599132738,0.6494569886225862
158,13,2,559.3953857421875,360.2430725097656,567.6450805664062,496.1626281738281,-0.27618424622996496,-0.15179377777211864,0.684639820053408
159,13,3,398.38427734375,411.95751953125,407.12469482421875,551.253662109375,-0.32862346605055265,-0.10015136955930655,0.5858345745665926
160,13,4,499.5647277832031,410.64825439453125,481.3354797363281,548.0650024414062,-0.2879738085975258,-0.10752464615463447,0.6233696156151081
161,13,5,588.352294921875,409.70001220703125,554.1653442382812,545.2476196289062,-0.24783979959136737,-0.11465935913942164,0.6607854532747365
162,13,6,425.57830810546875,470.7759704589844,382.6137390136719,605.8562622070312,-0.29908408238319234,-0.06352856043616904,0.5597632269051193
163,13,7,529.28271484375,466.0927429199219,460.4375305175781,602.2620849609375,-0.25848535942365153,-0.07073270154597003,0.5971068756577302
164,13,8,620.2979736328125,461.4547119140625,537.1851806640625,598.472900390625,-0.21816966908904592,-0.07816893741469452,0.6344735233653668
165,13,9,454.9601135253906,535.3452758789062,355.4078063964844,666.5771484375,-0.26978728711617755,-0.026819058100356508,0.5337365151693436
166,13,10,561.51318359375,526.0540771484375,437.3811340332031,662.3263549804688,-0.22909185195645196,-0.03410659901407813,0.5708893650522624
167,13,11,654.2205810546875,517.2692260742188,518.115478515625,657.87451171875,-0.18884958386516465,-0.04163722274524436,0.608059604237026
168,14,0,317.0603942871094,387.7429504394531,400.2082824707031,521.4259643554688,-0.385607331484884,-0.11718856658954818,0.6019523819765836
169,14,1,419.91485595703125,386.4491882324219,469.6406555175781,518.3267211914062,-0.34491557403967227,-0.12508412866722443,0.6389038549230245
170,14,2,511.551025390625,383.2449951171875,537.1966552734375,513.2091674804688,-0.30371539660450714,-0.1343886864065152,0.6745852387329917
171,14,3,339.7066345214844,444.2369079589844,377.01220703125,571.7788696289062,-0.35618879262750247,-0.08024832316130692,0.5760272833231318
172,14,4,445.6681213378906,439.02490234375,449.6615295410156,567.5044555664062,-0.3153664090981474,-0.08856723496198816,0.6127748762873322
173,14,5,539.7388305664062,434.316162109375,521.5023193359375,563.3140869140625,-0.2744196958280785,-0.09689947658865392,0.6493928972333305
174,14,6,364.44927978515625,505.3608093261719,351.4785461425781,626.6996459960938,-0.32678648183838926,-0.043691910444720185,0.5500924187799374
175,14,7,474.17047119140625,496.0492858886719,427.55035400390625,621.833984375,-0.28540754961963477,-0.05209206560199775,0.5863713948060318
176,14,8,570.4619140625,487.77142333984375,503.2781677246094,616.7427978515625,-0.2446275721755449,-0.06056673830138316,0.6231778878835739
177,14,9,391.5772705078125,572.21484375,323.244140625,687.7147216796875,-0.2973381595985253,-0.007148537387122766,0.5241116196848217
178,14,10,504.87408447265625,557.8208618164062,403.2873229980469,682.26611328125,-0.25570276783688517,-0.015693895830721998,0.5601388892824022
179,14,11,603.2996826171875,545.4677734375,482.70318603515625,676.4780883789062,-0.21495696705696166,-0.024171601727895,0.5966344946100427
180,15,0,258.8943176269531,419.7221984863281,368.389892578125,542.8436889648438,-0.41056667590304297,-0.09616512694026846,0.5886179202781827
181,15,1,367.20416259765625,415.0909729003906,437.5010986328125,538.8032836914062,-0.36991689804719347,-0.10485087408663529,0.6254919343976918
182,15,2,463.2908020019531,408.99432373046875,504.60064697265625,532.924560546875,-0.32877504958872794,-0.11486534687995828,0.6610104731202069
183,15,3,280.3668518066406,477.5839538574219,344.1221008300781,593.5121459960938,-0.38048146985800463,-0.05982779269724301,0.5625710419141696
184,15,4,391.6468505859375,469.1552429199219,416.2680358886719,588.2239990234375,-0.34006312130305183,-0.06879614443502755,0.5992915078026828
185,15,5,490.85040283203125,461.2935485839844,487.46630859375,582.8640747070312,-0.29893956656067044,-0.07797503251435574,0.6355226365344792
186,15,6,303.2633056640625,540.890380859375,317.4230041503906,648.4976806640625,-0.35095667505450895,-0.023785277242810075,0.5367753919778016
187,15,7,418.6667785644531,527.6574096679688,392.8446350097656,642.7611083984375,-0.3098669430369079,-0.032887224681955145,0.5728831561568544
188,15,8,520.6912841796875,516.231689453125,467.7108459472656,636.874755859375,-0.26867504142224374,-0.04199378095584845,0.6090660451467936
189,15,9,328.47198486328125,610.5242919921875,287.6809997558594,709.5310668945312,-0.32128353177910124,0.012287468887763067,0.5107844653046593
190,15,10,448.1758117675781,592.0154418945312,367.1180114746094,703.3381958007812,-0.2798254093316213,0.0031614537740215372,0.5466792420680013
191,15,11,553.0123901367188,575.6452026367188,446.3035888671875,697.1417236328125,-0.23854614460691512,-0.005989264940686775,0.5829019893117329
192,16,0,217.46524047851562,449.6575927734375,348.5804443359375,561.7283325195312,-0.4291742790427655,-0.07789422665748302,0.5815297530126187
193,16,1,328.1639709472656,442.4248962402344,416.7831726074219,557.2501220703125,-0.3892008265105184,-0.08692156318158623,0.6182525747251287
194,16,2,426.9677734375,434.23779296875,483.5697021484375,550.5830078125,-0.3485839974703818,-0.0974239642996438,0.6541479827961534
195,16,3,236.9801025390625,509.4190368652344,324.1207580566406,612.6197509765625,-0.3996280237185454,-0.041691182413192786,0.5560334622614059
196,16,4,351.4508361816406,497.9726257324219,395.1734619140625,606.5717163085938,-0.35942444986801486,-0.051199475316252636,0.5924061716420176
197,16,5,453.8323974609375,487.4004211425781,465.9612731933594,600.88623046875,-0.3184200603705124,-0.06080089873904434,0.6287077306237616
198,16,6,258.1185607910156,574.4699096679688,296.5247802734375,667.7208862304688,-0.3699413590911116,-0.005943547422993046,0.53006440247637
199,16,7,377.45562744140625,557.8812255859375,371.46466064453125,661.6674194335938,-0.3289986902062282,-0.015446884081557838,0.5662330251475048
200,16,8,483.1363525390625,543.504638671875,445.304443359375,654.879150390625,-0.2876062437543715,-0.025217504438416728,0.6020038462287471
201,16,9,281.7376708984375,646.1974487304688,266.4287414550781,728.6702880859375,-0.3402569507502091,0.029836252435887854,0.5043402165915439
202,16,10,405.7542419433594,624.04248046875,344.76348876953125,722.1066284179688,-0.2986835911458137,0.02024399318850023,0.539884590894814
203,16,11,514.3939208984375,604.7106323242188,422.764892578125,715.10400390625,-0.2573162350958111,0.010554805879068707,0.5756987374712962
204,17,0,297.8291931152344,441.0430603027344,380.2980041503906,560.9633178710938,-0.389319618726866,-0.08402495979451043,0.5904896809572124
205,17,1,403.12847900390625,436.5377197265625,450.8926696777344,557.3098754882812,-0.3494159938302494,-0.09206922841751694,0.628238954038974
206,17,2,496.689208984375,430.7026062011719,519.3477172851562,551.9054565429688,-0.3088301413966872,-0.1013968342678133,0.6646166794384726
207,17,3,321.9320068359375,499.61572265625,356.769775390625,612.8480224609375,-0.35894615094896587,-0.047888526742016956,0.5647233809756406
208,17,4,430.53521728515625,490.9190673828125,430.6043395996094,608.08349609375,-0.3187081903153445,-0.05626734958530668,0.6020931426727139
209,17,5,526.5166015625,483.1930847167969,503.6835632324219,603.3515014648438,-0.2784752256678404,-0.0646745713067896,0.6395862913911057
210,17,6,348.32379150390625,563.0438232421875,330.85107421875,669.6410522460938,-0.3285671571888116,-0.012122693717272676,0.5389544966221799
211,17,7,460.27618408203125,549.7544555664062,408.3865966796875,664.1907958984375,-0.28809150937327044,-0.020583895537801405,0.5760540153827971
212,17,8,558.381103515625,538.146240234375,484.9530334472656,658.3969116210938,-0.24789905561986475,-0.029137104368915437,0.613295136558153
213,17,9,377.0667724609375,633.1937255859375,301.8960266113281,732.48095703125,-0.29834894329208655,0.02370368351216136,0.513145772975173
214,17,10,492.6960754394531,614.166748046875,383.57684326171875,726.4659423828125,-0.257498076105982,0.015104388987951951,0.5499207503680632
215,17,11,593.0462646484375,597.5362548828125,464.30633544921875,720.2609252929688,-0.2171864923213402,0.006499643465215309,0.586923339162021
216,18,0,419.824951171875,443.6468200683594,425.531494140625,572.714111328125,-0.32298953704119815,-0.08372479145530196,0.5981996936878616
217,18,1,516.3843994140625,440.9580383300781,500.14434814453125,569.3663940429688,-0.28393407517005853,-0.09096443253002771,0.637430656289903
218,18,2,601.4797973632812,436.3054504394531,572.4646606445312,563.8129272460938,-0.24479930842532607,-0.09980541844715166,0.6757540455201448
219,18,3,452.170654296875,500.1365966796875,404.4026184082031,626.75439453125,-0.29098598780325524,-0.04846399532141719,0.5725714840511589
220,18,4,550.552001953125,493.20849609375,482.5357971191406,622.0071411132812,-0.2518884415461675,-0.05611253189838061,0.6113666083694483
221,18,5,636.1947631835938,486.6587219238281,559.0385131835938,616.7667236328125,-0.21348697620505727,-0.06406734751436773,0.6503338150561644
222,18,6,487.32611083984375,560.8063354492188,380.52996826171875,686.2376098632812,-0.25892802234317913,-0.013735357323072343,0.5466202654749687
223,18,7,587.2779541015625,549.35791015625,463.1024475097656,680.4703369140625,-0.2200970824159031,-0.0214788816250005,0.5854263422549264
224,18,8,674.0694580078125,539.2008056640625,543.9901733398438,674.6319580078125,-0.18175548639458497,-0.029274295556935875,0.6244117718985353
225,18,9,525.36474609375,627.6443481445312,353.85919189453125,752.80810546875,-0.22723933732544635,0.02108880674019304,0.5208256933016521
226,18,10,627.2813720703125,610.5420532226562,441.3226318359375,746.281982421875,-0.18826110005155444,0.013244430390596376,0.5593778208350103
227,18,11,714.6966552734375,595.7849731445312,526.9259643554688,739.4425048828125,-0.15019189821324103,0.005441296314459694,0.5983137405538098
228,19,0,580.984619140625,453.375,487.06072998046875,596.4602661132812,-0.23059249300018625,-0.0791379523767663,0.6030277445391282
229,19,1,665.4942626953125,452.6373596191406,566.6671752929688,594.212646484375,-0.1927633222557137,-0.08493483837477468,0.643214741485825
230,19,2,739.1505126953125,450.38946533203125,643.52392578125,589.8721923828125,-0.15554246770861516,-0.09199536335372414,0.6830212436154531
231,19,3,621.5310668945312,505.3086242675781,466.482666015625,653.533203125,-0.19723568183569473,-0.04618712709720734,0.5756922134688046
232,19,4,706.4113159179688,500.5689392089844,550.7855834960938,649.51708984375,-0.15988826124751254,-0.052428739920428374,0.6159049335588711
233,19,5,779.7520141601562,496.3404235839844,632.5715942382812,645.4686279296875,-0.12328432980393036,-0.05867347062587686,0.6562921272901759
234,19,6,665.365478515625,561.4392700195312,442.6770324707031,716.8984375,-0.1642289141117836,-0.013813108541393226,0.5481238376931382
235,19,7,750.44384765625,552.577392578125,532.697265625,711.8397216796875,-0.1273424965083228,-0.01998423752188257,0.5885727966388196
236,19,8,824.0440673828125,544.700439453125,619.7693481445312,706.6578979492188,-0.090780424162838,-0.026258896245251725,0.6289494727495737
237,19,9,712.9760131835938,623.0751953125,415.9961853027344,789.2213134765625,-0.13163743190460203,0.01860453236568472,0.5208821120340835
238,19,10,798.5626220703125,609.4500732421875,512.1593627929688,782.99365234375,-0.09480417618364714,0.012541250153056294,0.5611775858084799
239,19,11,871.6935424804688,597.291015625,605.2455444335938,776.4340209960938,-0.05855673445189747,0.006306937070904994,0.6016901553615903
240,20,0,742.2930297851562,464.1385192871094,580.7479248046875,620.0953369140625,-0.1404645098151899,-0.07578413606613096,0.6253066629906731
241,20,1,817.7313842773438,461.12530517578125,660.9203491210938,617.599365234375,-0.09976178776014977,-0.0821937946781671,0.6614314338877467
242,20,2,884.78076171875,456.37738037109375,739.2581176757812,613.4158935546875,-0.05937350436655344,-0.08986148515628271,0.6967862239286144
243,20,3,783.341552734375,504.371826171875,555.1610107421875,674.4097290039062,-0.10909316872450268,-0.04824564379695653,0.5918610004926513
244,20,4,860.2047729492188,498.5978698730469,640.7891845703125,670.8101806640625,-0.0685594871628997,-0.054924269920681244,0.6278825082275084
245,20,5,927.8772583007812,492.91644287109375,725.1133422851562,667.65966796875,-0.028454078445524403,-0.06162148929323156,0.6638372151423378
246,20,6,828.93310546875,549.1417846679688,524.5874633789062,736.4671630859375,-0.07787458483158023,-0.020943700370953975,0.5578265052001924
247,20,7,907.2154541015625,540.1514282226562,617.2595825195312,732.5645751953125,-0.03741556015763512,-0.027555439712074754,0.5940764676146095
248,20,8,975.7752685546875,531.6801147460938,707.9361572265625,728.5023803710938,0.0026401407182396978,-0.034367238583958896,0.6299806528012757
249,20,9,880.0034790039062,599.09423828125,489.14697265625,809.3984375,-0.04674290454955841,0.006358386841899319,0.5238502618953835
250,20,10,959.3322143554688,586.4332885742188,589.4281616210938,804.6492309570312,-0.006497342265573007,-0.0001974736371853779,0.5600880998023352
251,20,11,1029.1243896484375,575.2123413085938,688.1550903320312,800.0134887695312,0.033809812512487235,-0.006792822597859423,0.5961980980943774
252,21,1,1028.425048828125,483.85614013671875,868.899658203125,663.6605834960938,0.040717722077228576,-0.07297781485755155,0.7262526333218612
253,21,2,1089.6688232421875,479.60546875,947.7578735351562,666.3060913085938,0.08731418364746864,-0.07843875416035448,0.7516542305747658
254,21,4,1068.16845703125,513.9298095703125,845.3455200195312,717.09033203125,0.06491774713523103,-0.04880450268714769,0.6840873178424209
255,21,5,1132.047607421875,508.5239562988281,931.0814819335938,721.9095458984375,0.11197051670220115,-0.05390267227561067,0.7097559976502552
256,21,6,1041.13916015625,551.30029296875,726.3851928710938,773.9830322265625,0.04224992022934353,-0.020977468680998226,0.6145503974834442
257,21,7,1113.217529296875,545.3299560546875,817.4878540039062,779.9891357421875,0.08937868810408749,-0.02552299348077429,0.641081488750269
258,21,8,1180.720703125,538.6890258789062,910.7906494140625,786.4251098632812,0.13711648754175645,-0.030567784786939653,0.666425004167025
259,21,9,1090.1834716796875,590.5447387695312,683.9691162109375,848.3245239257812,0.06688508639315846,0.002835606497363458,0.5708018278757295
260,21,10,1166.0670166015625,583.1692504882812,783.8505249023438,855.885498046875,0.11434830139917529,-0.0015329245761870663,0.5975765704469747
261,21,11,1236.61474609375,575.9955444335938,886.3074951171875,864.2671508789062,0.16229379817021852,-0.006098908935802862,0.6233506423342084
262,22,0,1108.3544921875,470.7080993652344,938.3377075195312,662.7694702148438,0.09759383790316109,-0.08373406393236206,0.7297117114308487
263,22,1,1173.948486328125,466.4721984863281,1019.341064453125,669.3221435546875,0.14792879296915587,-0.08852516715749963,0.7467115244978941
264,22,2,1236.6243896484375,461.5293273925781,1104.9622802734375,674.6007080078125,0.19815833959287782,-0.09412886782820158,0.7635481131016407
265,22,3,1143.1317138671875,504.1670227050781,910.1990966796875,723.44091796875,0.11539273240434332,-0.05611056085322676,0.6870460519959777
266,22,4,1211.7496337890625,499.9656982421875,996.6328735351562,731.951171875,0.16556977737945663,-0.06058807401161437,0.7044456951417868
267,22,6,1182.6427001953125,542.403076171875,876.5820922851562,794.1392822265625,0.13311593914430617,-0.028396365393783977,0.6438913282656993
268,22,7,1255.211669921875,536.3306884765625,970.4336547851562,805.3869018554688,0.18373547370283677,-0.03320336533890989,0.6615780012470192
269,22,9,1228.1988525390625,586.4663696289062,836.6588745117188,878.681884765625,0.15102607481966313,-0.000414152736492611,0.600437808609491
270,22,10,1305.4578857421875,579.2142944335938,938.526611328125,894.2728271484375,0.2020874869699743,-0.005087557418055283,0.6181036403411005
271,22,11,1379.759765625,572.1032104492188,1047.5733642578125,911.6875,0.2535098635426296,-0.00992808518428754,0.634642194111403
272,23,0,1177.251220703125,446.1401062011719,1014.71044921875,647.32373046875,0.14857402593460875,-0.1026298081742299,0.7387095082270076
273,23,1,1241.947509765625,442.1554870605469,1101.4478759765625,654.49951171875,0.19965230188854355,-0.10736298496233179,0.7543163544413053
274,23,2,1303.8826904296875,437.4779357910156,1194.3638916015625,660.5165405273438,0.2506847011910611,-0.11288558216723503,0.7702073922530457
275,23,3,1215.412109375,478.3846740722656,990.4317626953125,709.9112548828125,0.1659910379538105,-0.07459421637980142,0.6957668664618493
276,23,4,1282.544921875,475.0170593261719,1083.45703125,719.5267944335938,0.2167149552991268,-0.0787934039106395,0.7122950889318074
277,23,5,1347.931396484375,469.7226257324219,1183.7208251953125,730.2161254882812,0.2681757247201477,-0.0837925096447042,0.7276067680929567
278,23,6,1258.0531005859375,515.7704467773438,961.654296875,783.4833984375,0.18308138190199133,-0.046155607803122424,0.6531188676777613
279,23,7,1329.4942626953125,510.3141784667969,1062.43994140625,796.5687255859375,0.23438745686362453,-0.05082496680867614,0.66912253736505
280,23,8,1398.1427001953125,504.3467102050781,1171.165283203125,811.302490234375,0.28587944495561796,-0.05570863410415454,0.6843923478165169
281,23,9,1307.618896484375,558.4122314453125,927.2844848632812,871.6571044921875,0.20056397532702902,-0.01765429350451407,0.6098708823716826
282,23,10,1383.48974609375,552.2022094726562,1036.861572265625,889.7037963867188,0.25215615595828084,-0.02216250243059527,0.625794168906831
283,23,11,1456.12060546875,545.679443359375,1156.07568359375,910.1015014648438,0.3038866530952607,-0.02683257174472322,0.6410926785459247
284,24,0,1252.3551025390625,381.0326843261719,1117.9215087890625,578.9634399414062,0.20660487385027126,-0.15261238608050717,0.7524899310909618
285,24,1,1312.7073974609375,378.63983154296875,1212.6895751953125,584.824951171875,0.2570641852044822,-0.15717016202660952,0.7695916608609441
286,24,2,1370.8114013671875,376.16424560546875,1315.6204833984375,589.3031616210938,0.30818815467456606,-0.16241461982408867,0.7879108358238218
287,24,3,1296.061279296875,407.8874816894531,1103.5191650390625,638.8984985351562,0.22534205143879085,-0.125035041499816,0.7097181014812326
288,24,4,1359.3919677734375,407.3702697753906,1206.349853515625,647.190185546875,0.27601072241342006,-0.1286718432079716,0.7274389108268142
289,24,6,1345.0955810546875,440.1152648925781,1086.58056640625,709.2791748046875,0.24393132993683467,-0.09693895442545768,0.6677652933440852
290,24,7,1411.4320068359375,437.40740966796875,1198.5159912109375,720.972412109375,0.29473503387303923,-0.10106051643835755,0.6848600681062772
291,24,9,1402.353271484375,476.282958984375,1066.37451171875,794.317626953125,0.26313128309531586,-0.06898087272933878,0.6249290186454424
292,24,10,1471.8604736328125,474.2747497558594,1189.280517578125,810.8900146484375,0.31394319160192763,-0.07246786455497792,0.6422207020381625
293,24,11,1536.4932861328125,469.40301513671875,1323.512939453125,829.196533203125,0.3645765481973214,-0.07690021339113785,0.6596892195200084
294,25,0,1185.2877197265625,206.61354064941406,1025.52197265625,372.4830627441406,0.15032293478373437,-0.26752270433596265,0.7186387754725195
295,25,1,1253.334716796875,197.9585418701172,1114.5902099609375,360.150634765625,0.20163880816065263,-0.27767867061337576,0.7306019693299484
296,25,3,1223.5438232421875,236.9121551513672,1005.843017578125,426.997314453125,0.16795689999058563,-0.2333002393175862,0.6809074651861541
297,25,4,1293.518310546875,228.78514099121094,1100.239990234375,415.6801452636719,0.21861203702717485,-0.24316667386280053,0.6936182228085025
298,25,5,1361.963623046875,218.7662353515625,1202.5792236328125,402.479736328125,0.26953833278940775,-0.2537201085082169,0.7049655882718873
299,25,6,1264.9927978515625,271.5793151855469,983.0416259765625,489.3626403808594,0.18496222778711296,-0.19917950004919643,0.6441801712184911
300,25,7,1339.1871337890625,260.8248596191406,1083.700927734375,479.63262939453125,0.23598394758816393,-0.2094226036062421,0.6557235615512919
301,25,8,1410.74169921875,251.06655883789062,1194.755859375,468.981201171875,0.2870572084765354,-0.21950450101886845,0.6675966067511592
302,25,9,1312.8834228515625,309.68585205078125,956.1492309570312,561.6128540039062,0.2024902777468507,-0.16536362819160141,0.6066211614855279
303,25,10,1391.0087890625,298.3446960449219,1064.731201171875,555.0724487304688,0.25365720358382193,-0.1753041748032366,0.6181869761549114
304,25,11,1465.493896484375,286.8031005859375,1184.673583984375,547.442626953125,0.3044312780548038,-0.18550400514676255,0.6298072479535699
305,26,0,1120.5369873046875,147.31512451171875,928.4736328125,317.62127685546875,0.10004253970254931,-0.2946904437867559,0.6858714287712508
306,26,1,1194.3988037109375,135.39950561523438,1010.8844604492188,299.2917175292969,0.15173005190098926,-0.30635273576994054,0.6950420478349755
307,26,2,1265.9605712890625,122.29095458984375,1099.6732177734375,276.04351806640625,0.20289649239477298,-0.3191740901334672,0.703638637216831
308,26,3,1152.564453125,189.0284423828125,906.3435668945312,379.4787902832031,0.11601950594619949,-0.2546732658924929,0.6546191469105663
309,26,4,1229.1986083984375,175.66571044921875,992.1801147460938,362.29266357421875,0.16744072635933302,-0.26651481787198644,0.6634767600746815
310,26,5,1304.1141357421875,162.19973754882812,1086.0782470703125,342.6476135253906,0.21884950188485394,-0.27851354748779983,0.6717609095580211
311,26,6,1187.1131591796875,234.54852294921875,880.3905639648438,448.1786804199219,0.13148397512370474,-0.21503585378607193,0.6232449533720045
312,26,7,1267.59814453125,219.51986694335938,970.7781372070312,433.002197265625,0.18315225188887385,-0.22702203904631904,0.6318136373442875
313,26,8,1345.9415283203125,205.44276428222656,1070.3330078125,416.3296203613281,0.2346632436187827,-0.2387004679221021,0.6400546783241605
314,26,9,1226.17626953125,284.54925537109375,850.5711059570312,525.8739013671875,0.14726454880789477,-0.17556813151669226,0.591395214411387
315,26,10,1310.7506103515625,268.51934814453125,946.4698486328125,514.0117797851562,0.19916332484213767,-0.18741462316245627,0.6000931173983602
316,26,11,1392.9837646484375,252.25741577148438,1051.908203125,500.4105224609375,0.2507015799061093,-0.19934022962224401,0.6077955850003788
317,27,0,1066.322998046875,124.49327087402344,861.2025146484375,301.0426025390625,0.06191293520893243,-0.3017387823446389,0.6675731892321096
318,27,1,1145.0299072265625,108.83931732177734,935.9066162109375,279.5921630859375,0.11430876247811933,-0.3140331551702657,0.6727793133345953
319,27,2,1221.5438232421875,91.325439453125,1017.1029052734375,252.79872131347656,0.1658949238904451,-0.32767319062068356,0.6775193023219945
320,27,3,1093.729248046875,167.2733154296875,832.4363403320312,361.9772033691406,0.07604130692860643,-0.26100492525144464,0.6359524781394279
321,27,4,1175.35986328125,150.07247924804688,910.1866455078125,341.92340087890625,0.1280619492896893,-0.2736971238378019,0.6415094913605193
322,27,5,1256.1864013671875,132.4894256591797,995.5658569335938,319.19671630859375,0.1801584744537474,-0.2863700653301463,0.6459953615871321
323,27,6,1123.1624755859375,214.29354858398438,799.5639038085938,429.2937927246094,0.0896294416514117,-0.22066972470597662,0.6044900435484892
324,27,7,1209.466064453125,195.35289001464844,881.0993041992188,411.8363342285156,0.14210685117625219,-0.23346851268116342,0.6099490361255674
325,27,8,1294.2841796875,176.83627319335938,970.4151611328125,391.5837707519531,0.19420701929173528,-0.2461006795453783,0.6143814184595404
326,27,9,1156.4244384765625,265.73785400390625,761.7822265625,505.4189758300781,0.10344142340976252,-0.18045399473879248,0.572393183574005
327,27,10,1247.3150634765625,245.75381469726562,847.1846313476562,490.6348876953125,0.15599862707240394,-0.19334446328708643,0.5781681027864488
328,27,11,1337.1600341796875,225.3509063720703,941.5902099609375,474.23846435546875,0.2084976170312155,-0.206106628852408,0.5824962291715313
329,28,0,1003.23876953125,85.16080474853516,781.4530029296875,273.4293518066406,0.019831563781207505,-0.31415343050333694,0.6407208981373443
330,28,1,1087.342041015625,60.304046630859375,841.1356811523438,246.65028381347656,0.07232879506687347,-0.3271827251498172,0.6372830932783627
331,28,3,1018.8724365234375,136.83314514160156,746.5077514648438,338.96588134765625,0.028301970544007408,-0.26997512587253547,0.6129102750759368
332,28,4,1107.033203125,110.35930633544922,804.6849365234375,314.379150390625,0.08069254082557449,-0.28306121612065993,0.6082056971500842
333,28,5,1197.0821533203125,82.67101287841797,871.2156982421875,285.49676513671875,0.13328033343225237,-0.29636939452969424,0.6030199638637318
334,28,6,1035.7833251953125,193.19752502441406,706.485595703125,411.14996337890625,0.03657033683380592,-0.22551736560093602,0.5841179903498326
335,28,7,1128.7364501953125,165.42132568359375,765.83203125,390.0780029296875,0.08921368333559582,-0.23896240729635404,0.5798131186633873
336,28,8,1223.5928955078125,137.0024871826172,832.9452514648438,364.9562072753906,0.14186648564889695,-0.2523707136669169,0.5746125957214652
337,28,9,1054.6798095703125,254.391845703125,661.6253051757812,490.4476623535156,0.044915863342952694,-0.1813388192166208,0.5547779326214978
338,28,10,1152.688232421875,226.3113555908203,721.5971069335938,473.5352783203125,0.09757403071428575,-0.19486270997199756,0.550994851193558
339,28,11,1253.2286376953125,196.66207885742188,790.0677490234375,454.25830078125,0.15059024077713798,-0.20836790011705034,0.5460165501389269
340,29,2,805.675048828125,73.23663330078125,527.7385864257812,311.66485595703125,-0.08869892247547871,-0.2744645893714858,0.544928649041534
341,29,3,596.03125,153.18589782714844,371.4603576660156,399.8008728027344,-0.18429589354764733,-0.21339332801871086,0.500706494463372
342,29,4,710.0410766601562,156.3170928955078,434.67633056640625,397.67828369140625,-0.132204872916939,-0.2181706183658317,0.5153890897483182
343,29,5,817.3492431640625,158.5594482421875,502.1828918457031,396.0196533203125,-0.08021833036663485,-0.22291264295384794,0.5298397519100747
344,29,6,601.4903564453125,245.92176818847656,340.0861511230469,481.7361755371094,-0.17556019670482603,-0.16251360953918106,0.4839046809789141
345,29,7,719.3828735351562,246.83465576171875,403.5959167480469,481.5354309082031,-0.12342838129670028,-0.1674215236568093,0.4984460293156872
346,29,8,829.6143188476562,247.05914306640625,471.942626953125,483.52276611328125,-0.07161442692670154,-0.17189965274513852,0.5129372766764954
347,29,9,607.31640625,344.448974609375,305.6642761230469,569.9143676757812,-0.16643422813895206,-0.11138687965331494,0.46625034018430295
348,29,10,729.3709106445312,342.7765197753906,370.3055725097656,572.9053344726562,-0.1143933258870185,-0.11625258986866725,0.4810339061274062
349,29,11,842.52392578125,340.4257507324219,439.49627685546875,577.3126220703125,-0.06299452245842735,-0.12096270714930688,0.4957201828630747
350,30,0,516.3612060546875,101.55489349365234,334.9716491699219,362.95697021484375,-0.2191690545474943,-0.23423289618904516,0.4913370422076863
351,30,1,635.480224609375,116.52580261230469,405.9280700683594,365.10284423828125,-0.16889609686521737,-0.23679265905783817,0.5126824656477891
352,30,2,745.2236938476562,128.03640747070312,478.237060546875,365.59246826171875,-0.11827091219405637,-0.24007135716589845,0.5326867909617822
353,30,3,520.3201293945312,196.79379272460938,306.7146911621094,445.1454772949219,-0.21051237420138655,-0.1822620805431636,0.4762610394233253
354,30,4,643.3984985351562,208.3299102783203,378.3545227050781,447.28448486328125,-0.16006010214190694,-0.18530685627520213,0.4974567911965697
355,30,5,755.7410888671875,218.57501220703125,453.307861328125,450.02801513671875,-0.10990142002870684,-0.1882819641319929,0.5185780224226034
356,30,6,524.7296752929688,297.53900146484375,276.3363342285156,528.1714477539062,-0.20188151877324784,-0.13141435830413328,0.4610637051719549
357,30,7,651.9755249023438,305.2218933105469,348.61700439453125,534.1665649414062,-0.15098358154525188,-0.13387600278685288,0.48174420619869246
358,30,8,766.9855346679688,311.8787841796875,425.2929992675781,539.426513671875,-0.10110805070247804,-0.13676103527259,0.5031225679405781
359,30,9,529.0534057617188,404.38134765625,243.6547393798828,617.2847900390625,-0.1930927121490547,-0.0802862267676649,0.4453581901115334
360,30,10,660.6760864257812,407.4615173339844,317.3451843261719,625.4328002929688,-0.14212420416915775,-0.08289349777775457,0.46613043879451393
361,30,11,778.6790771484375,409.96368408203125,394.8382263183594,633.5402221679688,-0.09233445162278747,-0.08562149270606795,0.4872067506600264
362,31,0,509.5953063964844,154.86329650878906,305.6701965332031,411.5113220214844,-0.21558762940365395,-0.20222410889308842,0.47623745140023366
363,31,1,625.6932373046875,174.25828552246094,397.5221862792969,411.52069091796875,-0.17352235469495708,-0.2076501330735347,0.5117575923364599
364,31,2,727.0527954101562,189.0766143798828,487.42620849609375,410.2166442871094,-0.1310411927597264,-0.2137959688442987,0.5462680078355007
365,31,3,536.2802124023438,248.96163940429688,282.273193359375,492.2586975097656,-0.19677851393764004,-0.1534549116523366,0.4612914604387007
366,31,4,654.6224975585938,261.84710693359375,376.9878234863281,491.4570617675781,-0.15428372047271172,-0.1590453724740853,0.49635094290162124
367,31,5,756.34130859375,272.4975891113281,471.38323974609375,490.51416015625,-0.11234813418909778,-0.16485780778248435,0.5317295708268622
368,31,6,565.4920654296875,348.4278869628906,256.46746826171875,578.604736328125,-0.17749828755115782,-0.10505219987853406,0.4459165479216365
369,31,7,685.4227905273438,354.3305969238281,354.6207275390625,577.3668823242188,-0.13499846515247418,-0.11069682752739621,0.4807821497917886
370,31,8,787.4179077148438,358.8108825683594,452.6900329589844,575.7822265625,-0.09342181934731672,-0.11660067133662015,0.5162237123689063
371,31,9,596.7817993164062,454.11962890625,228.26283264160156,672.3202514648438,-0.15809346678750152,-0.05679127283513557,0.43032186787710996
372,31,10,717.782958984375,451.75225830078125,330.2311096191406,670.5261840820312,-0.11582717370627817,-0.06260467747306148,0.4650646736643538
373,31,11,819.911376953125,449.3005065917969,431.9741516113281,668.4779663085938,-0.07458741598654048,-0.068507460709977,0.500368314832877
